buyer_name,company_name,email,website,country,source_platform
Christopher Moore,Toronto Fashion Wholesalers,christopher.moore@torontofashion.ca,https://www.torontofashion.ca,Canada,B2B Platform
Patricia Martinez,Mexico City Textile Traders,patricia.martinez@mexicocity.mx,https://www.mexicocity.mx,Mexico,Trade Directory
Robert Thompson,Los Angeles Import Group,robert.thompson@laimports.com,https://www.laimports.com,United States,Email List
Karen White,New York Wholesale Center,karen.white@nywholesale.com,https://www.nywholesale.com,United States,B2B Directory
Amanda Green,Chicago Fashion Distributors,amanda.green@chicagofashion.com,https://www.chicagofashion.com,United States,Supplier Network
Vivian Clark,Miami International Trade,vivian.clark@miamitrade.com,https://www.miamitrade.com,United States,Trade Fair
Daniel Martinez,Houston Textile Suppliers,daniel.martinez@houstontextile.com,https://www.houstontextile.com,United States,Web Discovery
Jennifer Lee,San Francisco Global Trade,jennifer.lee@sfglobaltrade.com,https://www.sfglobaltrade.com,United States,LinkedIn
Michael Chen,Vancouver Fashion Group,michael.chen@vancouverfashion.ca,https://www.vancouverfashion.ca,Canada,Email Outreach
Rachel Davis,Atlanta Wholesale Partners,rachel.davis@atlantawholesal.com,https://www.atlantawholesal.com,United States,Directory
